email,refresh,workspace
Davin@haas.live,eyJhbGciOiJIUzI1NiIsInR5cCI6IkpXVCJ9.eyJpZCI6ImNsMWx3c3lrcjAwMDA2cm9pOGZ5cjljcW8iLCJleHAiOjE2NTE3Mjk0NTMsImlhdCI6MTY0OTE0OTQ1M30.qOfBjMLy8q6So90WurEcURNA-SH5y7uxEWPVLiseXY8,cl1k8iwbv00680ioiioel84mk
Timmy@haas.live,eyJhbGciOiJIUzI1NiIsInR5cCI6IkpXVCJ9.eyJpZCI6ImNsMWx3c3lrdDAwMDQ2cm9pZDZ4cjFxbjAiLCJleHAiOjE2NTE3Mjk0NTMsImlhdCI6MTY0OTE0OTQ1M30.EjDX2zGpxO6UPjuij2unmi7ztqEy3ATfNn3w6x38CBQ,cl1k8iwbv00680ioiioel84mk
Reece@haas.live,eyJhbGciOiJIUzI1NiIsInR5cCI6IkpXVCJ9.eyJpZCI6ImNsMWx3cnllZzAwMDQ2NW9pM2hhbzhmbWwiLCJleHAiOjE2NTE3Mjk0NTMsImlhdCI6MTY0OTE0OTQ1M30.ENoc_hT9zmVP63isJkDx7H-klaUfvYZ_dRu2gU7gTsw,cl1k8iwbv00680ioiioel84mk
Eleonore@haas.live,eyJhbGciOiJIUzI1NiIsInR5cCI6IkpXVCJ9.eyJpZCI6ImNsMWx3cnllZjAwMDE2NW9pZ3p4cTN1dGwiLCJleHAiOjE2NTE3Mjk0NTMsImlhdCI6MTY0OTE0OTQ1M30.6K7hGaxfWpORsUR-xGVF4CgW4jgWZOg8qMygNEIUFek,cl1k8iwbv00680ioiioel84mk
Maxime@haas.live,eyJhbGciOiJIUzI1NiIsInR5cCI6IkpXVCJ9.eyJpZCI6ImNsMWx3c3lrdDAwMDM2cm9pMTR6YzJjajUiLCJleHAiOjE2NTE3Mjk0NTMsImlhdCI6MTY0OTE0OTQ1M30.GVQE8HDfzZ57duGo2X3Mu0ns1FlspgJfUaz2bqvi8Vw,cl1k8iwbv00680ioiioel84mk
Giovanni@haas.live,eyJhbGciOiJIUzI1NiIsInR5cCI6IkpXVCJ9.eyJpZCI6ImNsMWx3cnllZzAwMDY2NW9pZW84cTExangiLCJleHAiOjE2NTE3Mjk0NTMsImlhdCI6MTY0OTE0OTQ1M30.3az0-L-i456OJ79UCVqZdLi5wa57NAOiuOLEStOBZdA,cl1k8iwbv00680ioiioel84mk
Ibrahim@haas.live,eyJhbGciOiJIUzI1NiIsInR5cCI6IkpXVCJ9.eyJpZCI6ImNsMWx3c3lrdDAwMDI2cm9pMWx0bGdvcTEiLCJleHAiOjE2NTE3Mjk0NTMsImlhdCI6MTY0OTE0OTQ1M30.NxiHWhBs6VqieEKiEzXSvQ4NpsoMc1M1HtmbF2i3JFk,cl1k8iwbv00680ioiioel84mk
Darion@haas.live,eyJhbGciOiJIUzI1NiIsInR5cCI6IkpXVCJ9.eyJpZCI6ImNsMWx3c3lrdDAwMDE2cm9pNzJoYjVqOHQiLCJleHAiOjE2NTE3Mjk0NTMsImlhdCI6MTY0OTE0OTQ1M30.P2ns2B4_vFiUQYKbbCYquwYWQc2wOcbimJ6czd6loko,cl1k8iwbv00680ioiioel84mk
Madaline@haas.live,eyJhbGciOiJIUzI1NiIsInR5cCI6IkpXVCJ9.eyJpZCI6ImNsMWx3emF2ajAwMDBhem9pOXIxNmEwbmoiLCJleHAiOjE2NTE3Mjk0NTMsImlhdCI6MTY0OTE0OTQ1M30.eGZLjDUMRODaE_QWmgpRUZAfsG2LWDZVVUFM5hapdbA,cl1k8iwbv00680ioiioel84mk
Sandrine@haas.live,eyJhbGciOiJIUzI1NiIsInR5cCI6IkpXVCJ9.eyJpZCI6ImNsMWx3emF2bTAwMDJhem9pNG9vOGF2OGgiLCJleHAiOjE2NTE3Mjk0NTMsImlhdCI6MTY0OTE0OTQ1M30.M5R8xIwv9bK8nqEZOpJa5dueIzG0LoLnAw15al-liUI,cl1k8iwbv00680ioiioel84mk
Shemar@haas.live,eyJhbGciOiJIUzI1NiIsInR5cCI6IkpXVCJ9.eyJpZCI6ImNsMWx3emF2bTAwMDRhem9pMWlwb2M0ZzIiLCJleHAiOjE2NTE3Mjk0NTMsImlhdCI6MTY0OTE0OTQ1M30.uEYoEhGVt3cJ5MA7wyIgIQM_VqMPCBMz3DYtZqe6SmQ,cl1k8iwbv00680ioiioel84mk
Hunter@haas.live,eyJhbGciOiJIUzI1NiIsInR5cCI6IkpXVCJ9.eyJpZCI6ImNsMWx3emF2bTAwMDNhem9pNmdraDR0cXYiLCJleHAiOjE2NTE3Mjk0NTMsImlhdCI6MTY0OTE0OTQ1M30.p7ph57TAbf8Nt4w0p-Upf6ebg2JTrLflg-Wfg5jP0Uw,cl1k8iwbv00680ioiioel84mk
Malika@haas.live,eyJhbGciOiJIUzI1NiIsInR5cCI6IkpXVCJ9.eyJpZCI6ImNsMWx3emF2bDAwMDFhem9pZzh1bTBlY3EiLCJleHAiOjE2NTE3Mjk0NTMsImlhdCI6MTY0OTE0OTQ1M30.E3kOT-i_5vK0wuO4DcMHZl69CU4rZB3IvlQ5QPsb9nU,cl1k8iwbv00680ioiioel84mk
daan@haas.live,eyJhbGciOiJIUzI1NiIsInR5cCI6IkpXVCJ9.eyJpZCI6IklERUVUSkUiLCJleHAiOjE2NTE3Mjk0NTMsImlhdCI6MTY0OTE0OTQ1M30.eFOgUOr6Olx0vaTtGeTuTZ8U1K3xflFuJg-oWzwVkyE,cl1k8iwbv00680ioiioel84mk
geva@haas.live,eyJhbGciOiJIUzI1NiIsInR5cCI6IkpXVCJ9.eyJpZCI6ImNsMWs5OXUxaTA5MTE3N29pNGJpOWwyMGciLCJleHAiOjE2NTE3Mjk0NTMsImlhdCI6MTY0OTE0OTQ1M30.4fDuOVCHkhFB4kz6RKE0qWyYkM1nDv3mf-62-RmZYYA,cl1k8iwbv00680ioiioel84mk
Alverta@haas.live,eyJhbGciOiJIUzI1NiIsInR5cCI6IkpXVCJ9.eyJpZCI6ImNsMWx3cnllZDAwMDA2NW9pNjlheWV2NDUiLCJleHAiOjE2NTE3Mjk0NTMsImlhdCI6MTY0OTE0OTQ1M30.9EgY3y_DGEHywwPA5c1f0zw57JJnWaiMpAq3fBnDFzE,cl1k8iwbv00680ioiioel84mk
Maudie@haas.live,eyJhbGciOiJIUzI1NiIsInR5cCI6IkpXVCJ9.eyJpZCI6ImNsMWx3cnllZzAwMDU2NW9pMHcwMjFpcDUiLCJleHAiOjE2NTE3Mjk0NTMsImlhdCI6MTY0OTE0OTQ1M30.Oga9KeECr5UgyYPw04r1UVEMzp0C8GaebDd7CDKomhU,cl1k8iwbv00680ioiioel84mk
Marge@haas.live,eyJhbGciOiJIUzI1NiIsInR5cCI6IkpXVCJ9.eyJpZCI6ImNsMWx3cnllZzAwMDM2NW9pMmx3Z2JxOHUiLCJleHAiOjE2NTE3Mjk0NTMsImlhdCI6MTY0OTE0OTQ1M30.DbLcikvTjloNnuhWq8JgjaSqZrWqh-i_PC3_tDnxTEA,cl1k8iwbv00680ioiioel84mk
Earl@haas.live,eyJhbGciOiJIUzI1NiIsInR5cCI6IkpXVCJ9.eyJpZCI6ImNsMWx3cnllaDAwMDc2NW9pOHA5c2hvcTciLCJleHAiOjE2NTE3Mjk0NTMsImlhdCI6MTY0OTE0OTQ1M30.AhW2Wb_RErf4Fm_T63WzKJjYo2raWIsxrkLUP2fWUvI,cl1k8iwbv00680ioiioel84mk
Austyn@haas.live,eyJhbGciOiJIUzI1NiIsInR5cCI6IkpXVCJ9.eyJpZCI6ImNsMWx3cnllZjAwMDI2NW9pZjI2YjRrNG4iLCJleHAiOjE2NTE3Mjk0NTMsImlhdCI6MTY0OTE0OTQ1M30.EAyNBTefnkpAQzRna1mzFDorwLZrMR999ooFWKTSYc4,cl1k8iwbv00680ioiioel84mk